"ID","playerNames"
1,"MILOSZ V."
2,"HARRISON R."
3,"RAYYAN I."
4,"DAISHA X."
5,"ELLIOT Z."
6,"ROWAN W."
7,"NIKOLAI C."
8,"ELIJAH G."
9,"TOBIAS D."
10,"OSCAR G."
11,"JACOB L."
12,"JENSON Y."
13,"OSKAR E."
14,"NOORA C."
15,"SAMUEL X."
16,"REAGAN W."
17,"RORY I."
18,"JESSICA U."
19,"GRACIE F."
20,"SEBASTIAN R."
21,"TOMMY H."
22,"MARCO Z."
23,"KLARA Z."
24,"LILY E."
25,"DUKE C."
26,"ALBERT S."
27,"JOSHUA W."
28,"BAVIN V."
29,"RAYAN P."
30,"ELSIE-JO Q."
31,"SIMON J."
32,"ORLA K."
33,"WILLOW P."
34,"GRAYSON M."
35,"EMAAN L."
36,"EDIE K."
37,"SALAH Q."
38,"NEA D."
39,"SOPHIA W."
40,"RONNIE D."
41,"KIAN V."
42,"MIKOLAJ P."
43,"NEVAEH S."
44,"PHOEBE T."
45,"LUCUS F."
46,"OSCAR O."
47,"FREYA O."
48,"ALEXANDER K."
49,"LUNA Q."
50,"COSMO S."
51,"ADAM G."
52,"MACKENZIE V."
53,"LOGAN G."
54,"ISAAC W."
55,"EVELYN U."
56,"SKYE W."
57,"SAMUEL U."
58,"ROBYN F."
59,"ROSE U."
60,"HANNAH M."
61,"EVELYNN S."
62,"ALEXANDER Q."
63,"WYATT D."
64,"MICHAEL B."
65,"JOSHUA T."
66,"TOMMY L."
67,"HUGO Y."
68,"MUHAMMAD Z."
69,"LYDIA Y."
70,"NOAH H."
71,"ERICA M."
72,"NIKODEM T."
73,"AVA S."
74,"YAQUB M."
75,"JOSHUA G."
76,"FREYJA W."
77,"EDEN F."
78,"MYLAH Z."
79,"TYMON U."
80,"THEODORE V."
81,"EVERLY V."
82,"MARTHA Z."
83,"ABIGAIL R."
84,"CHESTER Y."
85,"LANDON P."
86,"ISLA O."
87,"ILARIA E."
88,"HENRY P."
89,"RONNIE P."
90,"ABDIRAHMAN S."
91,"LAURYN Q."
92,"MYLES G."
93,"LUCA Y."
94,"LUCIE E."
95,"DENIS N."
96,"FELICITY B."
97,"JOBY C."
98,"RORY B."
99,"EMILIA P."
100,"HUNTER L."
101,"RUPERT D."
102,"JESSE Q."
103,"WINNIE J."
104,"CHESTER B."
105,"INDIE N."
106,"MILO A."
107,"LUKE H."
108,"DANIEL P."
109,"OSCAR U."
110,"THOMAS D."
111,"COLBY V."
112,"DAVID S."
113,"AIDEN T."
114,"ANTONIO Z."
115,"RONNIE K."
116,"HARRIET C."
117,"MUHAMMAD X."
118,"KAI H."
119,"ETHAN R."
120,"WILLIAM C."
121,"KOSISOCHUKWU W."
122,"DARYA L."
123,"ALFRED G."
124,"ISAAC M."
125,"OSKAR A."
126,"AREN O."
127,"LEON B."
128,"HOLLY W."
129,"TOMMY-JOHN Z."
130,"MIKAIL E."
131,"FORREST H."
132,"YUSAIRAH M."
133,"OLAF J."
134,"GEORGE E."
135,"THEODORE H."
136,"FATIMA T."
137,"GRAYSON P."
138,"AGNES X."
139,"ISA D."
140,"EDITH N."
141,"MACIE-RAE K."
142,"RUBY H."
143,"ROMAN H."
144,"ARCHIE I."
145,"ROBIN D."
146,"HALLIE G."
147,"EVIE L."
148,"MAXIMILIAN C."
149,"OLLIE G."
150,"ALFIE B."
151,"JOSHUA E."
152,"LILLIE-MAE V."
153,"MOHAMMED M."
154,"DANIEL N."
155,"SAOIRSE B."
156,"JAXSON B."
157,"ANTHONY-JAY O."
158,"SCARLETT L."
159,"BENEDIKTAS C."
160,"TARON G."
161,"BAILIE B."
162,"SEREEN T."
163,"AUSTIN D."
164,"OLIVE E."
165,"OLLIE S."
166,"GUINEVERE Q."
167,"JUDE P."
168,"AURORA P."
169,"BILLIE D."
170,"MILLICENT P."
171,"MARWA D."
172,"JACK T."
173,"HENRY T."
174,"JOSEPH D."
175,"ARCHIE S."
176,"ELODIE J."
177,"LOUIE O."
178,"LAWRENCE A."
179,"JAXON Q."
180,"AYVA X."
181,"DARIO S."
182,"EMILIA T."
183,"SUFYAAN S."
184,"MUIZ A."
185,"AYAN T."
186,"JACOB B."
187,"CHESTER G."
188,"THEODORE W."
189,"SUMMER X."
190,"LUCAS Y."
191,"FLEUR P."
192,"ARAYA U."
193,"THEODORE S."
194,"ELLIOTT D."
195,"LEMUEL S."
196,"EFFIE Z."
197,"JACK S."
198,"DANIELA W."
199,"ROWAN M."
200,"THEA D."
